run,n,width,height,frames_sent,frames_acknowledged,avg_rtt_us,elapsed_ms,throughput_fps
"0",100,1280,720,100,100,2181,218.808708,457.02020232211237
"1",100,1280,720,100,100,255,25.818042,3873.2604122342045
"2",100,1280,720,100,100,733,73.94895799999999,1352.2840984453087
"3",100,1280,720,100,100,294,29.902375,3344.2159694673082
"4",100,1280,720,100,100,2497,253.00775,395.2448096945647
"0",1000,1280,720,1000,1000,731,739.6525,1351.9862367801095
"1",1000,1280,720,1000,1000,1624,1680.306917,595.1293718324912
"2",1000,1280,720,1000,1000,1780,1818.394,549.9358224895154
"3",1000,1280,720,1000,1000,3007,3081.291458,324.5392438951811
"4",1000,1280,720,1000,1000,1177,1191.6771669999998,839.1534449866656
"0",10000,1280,720,10000,10000,831,8422.490084,1187.2973313434654
"1",10000,1280,720,10000,10000,1376,13985.557791,715.0233225903374
"2",10000,1280,720,10000,10000,1659,16780.289582999998,595.9372721511871
"3",10000,1280,720,10000,10000,1631,16655.654291000003,600.3967076456173
"4",10000,1280,720,10000,10000,1023,10381.143333,963.285033182385
